<?xml version="1.0" encoding="utf-8"?>
<selector xmlns:android="http://schemas.android.com/apk/res/android">
    <item><layer-list>
        <item>
            <shape>
                <gradient
                    android:startColor="#EEFFFFFF"
                    android:endColor="#EEFFFFFF"
                    android:centerColor="#CCFFFFFF"
                    android:angle="270.0" />

                <stroke android:width="1dp" android:color="#5d5d5d" />

                <corners android:bottomRightRadius="90dp"
                    android:bottomLeftRadius="90dp"
                    android:topLeftRadius="90dp"
                    android:topRightRadius="90dp"/>

                <padding android:bottom="2dp" android:left="2dp" android:right="2dp" android:top="2dp" />
            </shape>
        </item>
        <item>
            <bitmap android:gravity="bottom|right" android:src="@drawable/spinner_arrow" />
        </item>
    </layer-list></item>
</selector>
